"","resource","res.class","res.order","res.family","res.genus","res.species","consumer","con.class","con.order","con.family","con.genus","con.species","res.method","con.method","N.records","link.evidence","source.id"
"1","Leuctra nigra","Insecta","Plecoptera","Leuctridae","Leuctra","nigra","Dinocras cephalotes","Insecta","Plecoptera","Perlidae","Dinocras","cephalotes","genus","exact",12,"observed","10,35"
"2","Leuctra nigra","Insecta","Plecoptera","Leuctridae","Leuctra","nigra","Perla bipunctata","Insecta","Plecoptera","Perlidae","Perla","bipunctata","genus","exact",4,"observed","10,35"
"3","Leuctra nigra","Insecta","Plecoptera","Leuctridae","Leuctra","nigra","Dicranota","Insecta","Diptera","Tipulidae","Dicranota","","exact","exact",10,"observed","10,35"
"4","Leuctra nigra","Insecta","Plecoptera","Leuctridae","Leuctra","nigra","Cottus gobio","Actinoptergii","Scorpaeniformes","Cottidae","Cottus","gobio","genus","exact",1,"observed","10,35"
"5","Leuctra nigra","Insecta","Plecoptera","Leuctridae","Leuctra","nigra","Siphonoperla torrentium","Insecta","Plecoptera","Chloroperlidae","Siphonoperla","torrentium","exact","exact",1,"observed","10,35"
"6","Leuctra nigra","Insecta","Plecoptera","Leuctridae","Leuctra","nigra","Chloroperla tripunctata","Insecta","Plecoptera","Chloroperlidae","Chloroperla","tripunctata","genus","exact",4,"observed","10,35"
"7","Leuctra nigra","Insecta","Plecoptera","Leuctridae","Leuctra","nigra","Hydropsyche angustipennis","Insecta","Trichoptera","Hydropsychidae","Hydropsyche","angustipennis","genus","genus",1,"observed","10,35"
"8","Leuctra nigra","Insecta","Plecoptera","Leuctridae","Leuctra","nigra","Isoperla grammatica","Insecta","Plecoptera","Perlodidae","Isoperla","grammatica","exact","exact",1,"observed","10,35"
"11","Leuctra nigra","Insecta","Plecoptera","Leuctridae","Leuctra","nigra","Plectronemia geniculata","Insecta","Trichoptera","Polycentropodidae","Plectronemia","geniculata","exact","family",36,"observed","10,35"
"12","Leuctra nigra","Insecta","Plecoptera","Leuctridae","Leuctra","nigra","Rhyacophila dorsalis","Insecta","Trichoptera","Rhyacophilidae","Rhyacophila","dorsalis","genus","exact",28,"observed","10,35"
"13","Leuctra nigra","Insecta","Plecoptera","Leuctridae","Leuctra","nigra","Hydropsyche pellucidula","Insecta","Trichoptera","Hydropsychidae","Hydropsyche","pellucidula","genus","genus",1,"observed","10,35"
"14","Leuctra nigra","Insecta","Plecoptera","Leuctridae","Leuctra","nigra","Polycentropus flavomaculatus","Insecta","Trichoptera","Polycentropodidae","Polycentropus","flavomaculatus","genus","exact",6,"observed","10,35"
"16","Leuctra nigra","Insecta","Plecoptera","Leuctridae","Leuctra","nigra","Hydropsyche siltalai","Insecta","Trichoptera","Hydropsychidae","Hydropsyche","siltalai","genus","exact",1,"observed","10,35"
"17","Leuctra nigra","Insecta","Plecoptera","Leuctridae","Leuctra","nigra","Gammarus pulex","Crustacea","Amphipoda","Gammaridae","Gammarus","pulex","genus","exact",1,"observed","10,35"
"19","Dinocras cephalotes","Insecta","Plecoptera","Perlidae","Dinocras","cephalotes","Dinocras cephalotes","Insecta","Plecoptera","Perlidae","Dinocras","cephalotes","exact","exact",1,"observed","10,35"
"20","Dinocras cephalotes","Insecta","Plecoptera","Perlidae","Dinocras","cephalotes","Perla bipunctata","Insecta","Plecoptera","Perlidae","Perla","bipunctata","exact","exact",1,"observed","10,35"
"21","Dinocras cephalotes","Insecta","Plecoptera","Perlidae","Dinocras","cephalotes","Plectronemia geniculata","Insecta","Trichoptera","Polycentropodidae","Plectronemia","geniculata","exact","family",2,"observed","10,35"
"22","Dinocras cephalotes","Insecta","Plecoptera","Perlidae","Dinocras","cephalotes","Rhyacophila dorsalis","Insecta","Trichoptera","Rhyacophilidae","Rhyacophila","dorsalis","exact","exact",1,"observed","10,35"
"23","Dinocras cephalotes","Insecta","Plecoptera","Perlidae","Dinocras","cephalotes","Polycentropus flavomaculatus","Insecta","Trichoptera","Polycentropodidae","Polycentropus","flavomaculatus","exact","exact",2,"observed","10,35"
"25","Perla bipunctata","Insecta","Plecoptera","Perlidae","Perla","bipunctata","Perla bipunctata","Insecta","Plecoptera","Perlidae","Perla","bipunctata","exact","exact",1,"observed","10,35"
"30","Ephemera danica","Insecta","Ephemeroptera","Ephemeridae","Ephemera","danica","Plectronemia geniculata","Insecta","Trichoptera","Polycentropodidae","Plectronemia","geniculata","exact","family",1,"observed","10,35"
"31","Ephemera danica","Insecta","Ephemeroptera","Ephemeridae","Ephemera","danica","Polycentropus flavomaculatus","Insecta","Trichoptera","Polycentropodidae","Polycentropus","flavomaculatus","exact","exact",1,"observed","10,35"
"35","Heptagenia lateralis","Insecta","Ephemeroptera","Heptageniidae","Heptagenia","lateralis","Cottus gobio","Actinoptergii","Scorpaeniformes","Cottidae","Cottus","gobio","genus","exact",1,"observed","10,35"
"36","Heptagenia lateralis","Insecta","Ephemeroptera","Heptageniidae","Heptagenia","lateralis","Isoperla grammatica","Insecta","Plecoptera","Perlodidae","Isoperla","grammatica","genus","exact",2,"observed","10,35"
"38","Heptagenia lateralis","Insecta","Ephemeroptera","Heptageniidae","Heptagenia","lateralis","Rhyacophila dorsalis","Insecta","Trichoptera","Rhyacophilidae","Rhyacophila","dorsalis","genus","genus",1,"observed","10,35"
"40","Asellus aquaticus","Crustacea","Isopoda","Asellidae","Asellus","aquaticus","Cottus gobio","Actinoptergii","Scorpaeniformes","Cottidae","Cottus","gobio","exact","exact",18,"observed","10,35"
"41","Asellus aquaticus","Crustacea","Isopoda","Asellidae","Asellus","aquaticus","Plectronemia geniculata","Insecta","Trichoptera","Polycentropodidae","Plectronemia","geniculata","exact","family",1,"observed","10,35"
"43","Asellus aquaticus","Crustacea","Isopoda","Asellidae","Asellus","aquaticus","Polycelis","Rhabditophora","Tricladida","Planariidae","Polycelis","","exact","genus",1,"observed","10,35"
"44","Dicranota","Insecta","Diptera","Tipulidae","Dicranota","","Dicranota","Insecta","Diptera","Tipulidae","Dicranota","","exact","exact",1,"observed","10,35"
"45","Dicranota","Insecta","Diptera","Tipulidae","Dicranota","","Cottus gobio","Actinoptergii","Scorpaeniformes","Cottidae","Cottus","gobio","exact","exact",4,"observed","10,35"
"47","Dicranota","Insecta","Diptera","Tipulidae","Dicranota","","Plectronemia geniculata","Insecta","Trichoptera","Polycentropodidae","Plectronemia","geniculata","exact","family",2,"observed","10,35"
"50","Dicranota","Insecta","Diptera","Tipulidae","Dicranota","","Gammarus pulex","Crustacea","Amphipoda","Gammaridae","Gammarus","pulex","exact","exact",1,"observed","10,35"
"52","Lumbriculus variegatus","Oligochaeta","Haplotaxida","Lumbricidae","Lumbriculus","variegatus","Polycelis","Rhabditophora","Tricladida","Planariidae","Polycelis","","exact","genus",1,"observed","10,35"
"53","Cottus gobio","Actinoptergii","Scorpaeniformes","Cottidae","Cottus","gobio","Cottus gobio","Actinoptergii","Scorpaeniformes","Cottidae","Cottus","gobio","exact","exact",1,"observed","10,35"
"54","CPOM",NA,NA,NA,NA,NA,"Leuctra nigra","Insecta","Plecoptera","Leuctridae","Leuctra","nigra","exact","genus",1,"observed","10,35"
"55","CPOM",NA,NA,NA,NA,NA,"Dinocras cephalotes","Insecta","Plecoptera","Perlidae","Dinocras","cephalotes","exact","exact",24,"observed","10,35"
"57","CPOM",NA,NA,NA,NA,NA,"Hydroptila","Insecta","Trichoptera","Hydroptilidae","Hydroptila","","exact","exact",1,"observed","10,35"
"58","CPOM",NA,NA,NA,NA,NA,"Tinodes dives","Insecta","Trichoptera","Psychomyiidae","Tinodes","dives","exact","genus",7,"observed","10,35"
"59","CPOM",NA,NA,NA,NA,NA,"Ephemera danica","Insecta","Ephemeroptera","Ephemeridae","Ephemera","danica","exact","exact",6,"observed","10,35"
"60","CPOM",NA,NA,NA,NA,NA,"Heptagenia lateralis","Insecta","Ephemeroptera","Heptageniidae","Heptagenia","lateralis","exact","genus",1,"observed","10,35"
"61","CPOM",NA,NA,NA,NA,NA,"Asellus aquaticus","Crustacea","Isopoda","Asellidae","Asellus","aquaticus","exact","exact",7,"observed","10,35"
"64","CPOM",NA,NA,NA,NA,NA,"Psychomyia pusilla","Insecta","Trichoptera","Psychomyiidae","Psychomyia","pusilla","exact","family",7,"observed","10,35"
"68","CPOM",NA,NA,NA,NA,NA,"Hydropsyche angustipennis","Insecta","Trichoptera","Hydropsychidae","Hydropsyche","angustipennis","exact","genus",6,"observed","10,35"
"69","CPOM",NA,NA,NA,NA,NA,"Agapetus fuscipes","Insecta","Trichoptera","Glossosomatidae","Agapetus","fuscipes","exact","exact",1,"observed","10,35"
"72","CPOM",NA,NA,NA,NA,NA,"Theodoxus fluviatalis","Gastropoda",NA,"Neritidae","Theodoxus","","exact","genus",2,"observed","10,35"
"73","CPOM",NA,NA,NA,NA,NA,"Tubificidae","Oligochaeta","Haplotaxida","Tubificidae","","","exact","exact",8,"observed","10,35"
"74","CPOM",NA,NA,NA,NA,NA,"Isoperla grammatica","Insecta","Plecoptera","Perlodidae","Isoperla","grammatica","exact","exact",44,"observed","10,35"
"75","CPOM",NA,NA,NA,NA,NA,"Heptagenia sulphurea","Insecta","Ephemeroptera","Heptageniidae","Heptagenia","sulphurea","exact","exact",1,"observed","10,35"
"76","CPOM",NA,NA,NA,NA,NA,"Radix peregra","Gastropoda",NA,"Lymnaeidae","Radix","peregra","exact","genus",8,"observed","10,35"
"77","CPOM",NA,NA,NA,NA,NA,"Pisidium","Bivalvia",NA,"Sphaeriidae","Pisidium","","exact","exact",7,"observed","10,35"
"78","CPOM",NA,NA,NA,NA,NA,"Eiseniella tetraedra","Oligochaeta","Haplotaxida","Lumbricidae","Eiseniella","tetraedra","exact","exact",2,"observed","10,35"
"80","CPOM",NA,NA,NA,NA,NA,"Mystacides","Insecta","Trichoptera","Leptoceridae","Mystacides","","exact","genus",1,"observed","10,35"
"81","CPOM",NA,NA,NA,NA,NA,"Sericostoma personatum","Insecta","Trichoptera","Sericostomatidae","Sericostoma","personatum","exact","exact",4,"observed","10,35"
"82","CPOM",NA,NA,NA,NA,NA,"Plectronemia geniculata","Insecta","Trichoptera","Polycentropodidae","Plectronemia","geniculata","exact","family",8,"observed","10,35"
"84","CPOM",NA,NA,NA,NA,NA,"Rhyacophila dorsalis","Insecta","Trichoptera","Rhyacophilidae","Rhyacophila","dorsalis","exact","exact",19,"observed","10,35"
"85","CPOM",NA,NA,NA,NA,NA,"Hydropsyche pellucidula","Insecta","Trichoptera","Hydropsychidae","Hydropsyche","pellucidula","exact","genus",6,"observed","10,35"
"86","CPOM",NA,NA,NA,NA,NA,"Lepidostoma hirtum","Insecta","Trichoptera","Lepidostomatidae","Lepidostoma","hirtum","exact","exact",1,"observed","10,35"
"87","CPOM",NA,NA,NA,NA,NA,"Lecutra inermis","Insecta","Plecoptera","Leuctridae","Leuctra","inermis","exact","genus",1,"observed","10,35"
"88","CPOM",NA,NA,NA,NA,NA,"Ancylus fluviatalis","Gastropoda",NA,"Planorbidae","Ancylus","fluviatalis","exact","genus",4,"observed","10,35"
"90","CPOM",NA,NA,NA,NA,NA,"Polycentropus flavomaculatus","Insecta","Trichoptera","Polycentropodidae","Polycentropus","flavomaculatus","exact","exact",5,"observed","10,35"
"91","CPOM",NA,NA,NA,NA,NA,"Leuctra hippopus","Insecta","Plecoptera","Leuctridae","Leuctra","hippopus","exact","genus",1,"observed","10,35"
"92","CPOM",NA,NA,NA,NA,NA,"Leuctra geniculata","Insecta","Plecoptera","Leuctridae","Leuctra","geniculata","exact","exact",1,"observed","10,35"
"95","CPOM",NA,NA,NA,NA,NA,"Baetis scambus","Insecta","Ephemeroptera","Baetidae","Baetis","scambus","exact","genus",6,"observed","10,35"
"96","CPOM",NA,NA,NA,NA,NA,"Elmis aenea","Insecta","Coleoptera","Elmidae","Elmis","aenea","exact","exact",3,"observed","10,35"
"97","CPOM",NA,NA,NA,NA,NA,"Leuctra moselyi","Insecta","Plecoptera","Leuctridae","Leuctra","moselyi","exact","genus",1,"observed","10,35"
"98","CPOM",NA,NA,NA,NA,NA,"Amphinemoura sulcicollis","Insecta","Plecoptera","Nemouridae","Amphinemoura","sulcicollis","exact","family",3,"observed","10,35"
"99","CPOM",NA,NA,NA,NA,NA,"Limnius volckmari","Insecta","Coleoptera","Elmidae","Limnius","volckmari","exact","exact",4,"observed","10,35"
"100","CPOM",NA,NA,NA,NA,NA,"Caenis rivulorum","Insecta","Ephemeroptera","Caenidae","Caenis","rivulorum","exact","exact",1,"observed","10,35"
"103","CPOM",NA,NA,NA,NA,NA,"Hydropsyche siltalai","Insecta","Trichoptera","Hydropsychidae","Hydropsyche","siltalai","exact","genus",6,"observed","10,35"
"104","CPOM",NA,NA,NA,NA,NA,"Gammarus pulex","Crustacea","Amphipoda","Gammaridae","Gammarus","pulex","exact","exact",8,"observed","10,35"
"105","CPOM",NA,NA,NA,NA,NA,"Baetis rhodani","Insecta","Ephemeroptera","Baetidae","Baetis","rhodani","exact","genus",6,"observed","10,35"
"108","FPOM",NA,NA,NA,NA,NA,"Leuctra nigra","Insecta","Plecoptera","Leuctridae","Leuctra","nigra","exact","genus",1,"observed","10,35"
"109","FPOM",NA,NA,NA,NA,NA,"Hydroptila","Insecta","Trichoptera","Hydroptilidae","Hydroptila","","exact","exact",1,"observed","10,35"
"110","FPOM",NA,NA,NA,NA,NA,"Tinodes dives","Insecta","Trichoptera","Psychomyiidae","Tinodes","dives","exact","genus",7,"observed","10,35"
"111","FPOM",NA,NA,NA,NA,NA,"Ephemera danica","Insecta","Ephemeroptera","Ephemeridae","Ephemera","danica","exact","exact",6,"observed","10,35"
"112","FPOM",NA,NA,NA,NA,NA,"Heptagenia lateralis","Insecta","Ephemeroptera","Heptageniidae","Heptagenia","lateralis","exact","genus",1,"observed","10,35"
"113","FPOM",NA,NA,NA,NA,NA,"Hydraena gracilis","Insecta","Coleoptera","Hydraenidae","Hydraena","gracilis","exact","exact",1,"observed","10,35"
"114","FPOM",NA,NA,NA,NA,NA,"Asellus aquaticus","Crustacea","Isopoda","Asellidae","Asellus","aquaticus","exact","exact",7,"observed","10,35"
"117","FPOM",NA,NA,NA,NA,NA,"Psychomyia pusilla","Insecta","Trichoptera","Psychomyiidae","Psychomyia","pusilla","exact","family",9,"observed","10,35"
"118","FPOM",NA,NA,NA,NA,NA,"Ceratopogonidae","Insecta","Diptera","Ceratopogonidae","","","exact","exact",1,"observed","10,35"
"121","FPOM",NA,NA,NA,NA,NA,"Prosimulium","Insecta","Diptera","Simuliidae","Prosimulium","","exact","exact",1,"observed","10,35"
"123","FPOM",NA,NA,NA,NA,NA,"Hydropsyche angustipennis","Insecta","Trichoptera","Hydropsychidae","Hydropsyche","angustipennis","exact","genus",7,"observed","10,35"
"124","FPOM",NA,NA,NA,NA,NA,"Agapetus fuscipes","Insecta","Trichoptera","Glossosomatidae","Agapetus","fuscipes","exact","exact",1,"observed","10,35"
"127","FPOM",NA,NA,NA,NA,NA,"Theodoxus fluviatalis","Gastropoda",NA,"Neritidae","Theodoxus","","exact","genus",2,"observed","10,35"
"128","FPOM",NA,NA,NA,NA,NA,"Tubificidae","Oligochaeta","Haplotaxida","Tubificidae","","","exact","exact",8,"observed","10,35"
"129","FPOM",NA,NA,NA,NA,NA,"Paraleptophlebia","Insecta","Ephemeroptera","Leptophlebidae","Paraleptophlebia","","exact","genus",1,"observed","10,35"
"130","FPOM",NA,NA,NA,NA,NA,"Heptagenia sulphurea","Insecta","Ephemeroptera","Heptageniidae","Heptagenia","sulphurea","exact","exact",1,"observed","10,35"
"131","FPOM",NA,NA,NA,NA,NA,"Radix peregra","Gastropoda",NA,"Lymnaeidae","Radix","peregra","exact","genus",8,"observed","10,35"
"132","FPOM",NA,NA,NA,NA,NA,"Pisidium","Bivalvia",NA,"Sphaeriidae","Pisidium","","exact","exact",8,"observed","10,35"
"133","FPOM",NA,NA,NA,NA,NA,"Eiseniella tetraedra","Oligochaeta","Haplotaxida","Lumbricidae","Eiseniella","tetraedra","exact","exact",2,"observed","10,35"
"136","FPOM",NA,NA,NA,NA,NA,"Mystacides","Insecta","Trichoptera","Leptoceridae","Mystacides","","exact","genus",1,"observed","10,35"
"137","FPOM",NA,NA,NA,NA,NA,"Sericostoma personatum","Insecta","Trichoptera","Sericostomatidae","Sericostoma","personatum","exact","exact",4,"observed","10,35"
"138","FPOM",NA,NA,NA,NA,NA,"Plectronemia geniculata","Insecta","Trichoptera","Polycentropodidae","Plectronemia","geniculata","exact","family",4,"observed","10,35"
"140","FPOM",NA,NA,NA,NA,NA,"Rhyacophila dorsalis","Insecta","Trichoptera","Rhyacophilidae","Rhyacophila","dorsalis","exact","exact",1,"observed","10,35"
"141","FPOM",NA,NA,NA,NA,NA,"Hydropsyche pellucidula","Insecta","Trichoptera","Hydropsychidae","Hydropsyche","pellucidula","exact","genus",7,"observed","10,35"
"142","FPOM",NA,NA,NA,NA,NA,"Lecutra inermis","Insecta","Plecoptera","Leuctridae","Leuctra","inermis","exact","genus",1,"observed","10,35"
"143","FPOM",NA,NA,NA,NA,NA,"Ancylus fluviatalis","Gastropoda",NA,"Planorbidae","Ancylus","fluviatalis","exact","genus",4,"observed","10,35"
"145","FPOM",NA,NA,NA,NA,NA,"Polycentropus flavomaculatus","Insecta","Trichoptera","Polycentropodidae","Polycentropus","flavomaculatus","exact","exact",4,"observed","10,35"
"146","FPOM",NA,NA,NA,NA,NA,"Leuctra hippopus","Insecta","Plecoptera","Leuctridae","Leuctra","hippopus","exact","genus",1,"observed","10,35"
"147","FPOM",NA,NA,NA,NA,NA,"Leuctra geniculata","Insecta","Plecoptera","Leuctridae","Leuctra","geniculata","exact","exact",1,"observed","10,35"
"150","FPOM",NA,NA,NA,NA,NA,"Baetis scambus","Insecta","Ephemeroptera","Baetidae","Baetis","scambus","exact","genus",7,"observed","10,35"
"151","FPOM",NA,NA,NA,NA,NA,"Elmis aenea","Insecta","Coleoptera","Elmidae","Elmis","aenea","exact","exact",5,"observed","10,35"
"152","FPOM",NA,NA,NA,NA,NA,"Leuctra moselyi","Insecta","Plecoptera","Leuctridae","Leuctra","moselyi","exact","genus",1,"observed","10,35"
"153","FPOM",NA,NA,NA,NA,NA,"Amphinemoura sulcicollis","Insecta","Plecoptera","Nemouridae","Amphinemoura","sulcicollis","exact","family",3,"observed","10,35"
"154","FPOM",NA,NA,NA,NA,NA,"Limnius volckmari","Insecta","Coleoptera","Elmidae","Limnius","volckmari","exact","exact",9,"observed","10,35"
"156","FPOM",NA,NA,NA,NA,NA,"Hydropsyche siltalai","Insecta","Trichoptera","Hydropsychidae","Hydropsyche","siltalai","exact","genus",7,"observed","10,35"
"157","FPOM",NA,NA,NA,NA,NA,"Gammarus pulex","Crustacea","Amphipoda","Gammaridae","Gammarus","pulex","exact","exact",8,"observed","10,35"
"158","FPOM",NA,NA,NA,NA,NA,"Baetis rhodani","Insecta","Ephemeroptera","Baetidae","Baetis","rhodani","exact","genus",7,"observed","10,35"
"159","FPOM",NA,NA,NA,NA,NA,"Orthocladiinae","Insecta","Diptera","Chironomidae","","","exact","exact",1,"observed","10,35"
"161","Ceratopogonidae","Insecta","Diptera","Ceratopogonidae","","","Dicranota","Insecta","Diptera","Tipulidae","Dicranota","","exact","exact",1,"observed","10,35"
"163","Ecdyonurus dispar","Insecta","Ephemeroptera","Heptageniidae","Ecdyonurus","dispar","Dinocras cephalotes","Insecta","Plecoptera","Perlidae","Dinocras","cephalotes","genus","exact",4,"observed","10,35"
"164","Ecdyonurus dispar","Insecta","Ephemeroptera","Heptageniidae","Ecdyonurus","dispar","Perla bipunctata","Insecta","Plecoptera","Perlidae","Perla","bipunctata","genus","exact",4,"observed","10,35"
"167","Ecdyonurus dispar","Insecta","Ephemeroptera","Heptageniidae","Ecdyonurus","dispar","Isoperla grammatica","Insecta","Plecoptera","Perlodidae","Isoperla","grammatica","genus","exact",4,"observed","10,35"
"168","Ecdyonurus dispar","Insecta","Ephemeroptera","Heptageniidae","Ecdyonurus","dispar","Plectronemia geniculata","Insecta","Trichoptera","Polycentropodidae","Plectronemia","geniculata","genus","family",8,"observed","10,35"
"169","Ecdyonurus dispar","Insecta","Ephemeroptera","Heptageniidae","Ecdyonurus","dispar","Rhyacophila dorsalis","Insecta","Trichoptera","Rhyacophilidae","Rhyacophila","dorsalis","genus","exact",6,"observed","10,35"
"170","Ecdyonurus dispar","Insecta","Ephemeroptera","Heptageniidae","Ecdyonurus","dispar","Polycentropus flavomaculatus","Insecta","Trichoptera","Polycentropodidae","Polycentropus","flavomaculatus","genus","exact",4,"observed","10,35"
"171","Ecdyonurus venosus","Insecta","Ephemeroptera","Heptageniidae","Ecdyonurus","venosus","Dinocras cephalotes","Insecta","Plecoptera","Perlidae","Dinocras","cephalotes","genus","exact",4,"observed","10,35"
"172","Ecdyonurus venosus","Insecta","Ephemeroptera","Heptageniidae","Ecdyonurus","venosus","Perla bipunctata","Insecta","Plecoptera","Perlidae","Perla","bipunctata","genus","exact",4,"observed","10,35"
"175","Ecdyonurus venosus","Insecta","Ephemeroptera","Heptageniidae","Ecdyonurus","venosus","Isoperla grammatica","Insecta","Plecoptera","Perlodidae","Isoperla","grammatica","genus","exact",4,"observed","10,35"
"176","Ecdyonurus venosus","Insecta","Ephemeroptera","Heptageniidae","Ecdyonurus","venosus","Plectronemia geniculata","Insecta","Trichoptera","Polycentropodidae","Plectronemia","geniculata","genus","family",8,"observed","10,35"
"177","Ecdyonurus venosus","Insecta","Ephemeroptera","Heptageniidae","Ecdyonurus","venosus","Rhyacophila dorsalis","Insecta","Trichoptera","Rhyacophilidae","Rhyacophila","dorsalis","genus","exact",6,"observed","10,35"
"178","Ecdyonurus venosus","Insecta","Ephemeroptera","Heptageniidae","Ecdyonurus","venosus","Polycentropus flavomaculatus","Insecta","Trichoptera","Polycentropodidae","Polycentropus","flavomaculatus","genus","exact",4,"observed","10,35"
"183","Prosimulium","Insecta","Diptera","Simuliidae","Prosimulium","","Prosimulium","Insecta","Diptera","Simuliidae","Prosimulium","","genus","genus",1,"observed","10,35"
"200","Siphonoperla torrentium","Insecta","Plecoptera","Chloroperlidae","Siphonoperla","torrentium","Siphonoperla torrentium","Insecta","Plecoptera","Chloroperlidae","Siphonoperla","torrentium","exact","exact",4,"observed","10,35"
"202","Siphonoperla torrentium","Insecta","Plecoptera","Chloroperlidae","Siphonoperla","torrentium","Isoperla grammatica","Insecta","Plecoptera","Perlodidae","Isoperla","grammatica","exact","exact",3,"observed","10,35"
"204","Siphonoperla torrentium","Insecta","Plecoptera","Chloroperlidae","Siphonoperla","torrentium","Plectronemia geniculata","Insecta","Trichoptera","Polycentropodidae","Plectronemia","geniculata","exact","family",1,"observed","10,35"
"205","Siphonoperla torrentium","Insecta","Plecoptera","Chloroperlidae","Siphonoperla","torrentium","Rhyacophila dorsalis","Insecta","Trichoptera","Rhyacophilidae","Rhyacophila","dorsalis","exact","exact",2,"observed","10,35"
"209","Chloroperla tripunctata","Insecta","Plecoptera","Chloroperlidae","Chloroperla","tripunctata","Siphonoperla torrentium","Insecta","Plecoptera","Chloroperlidae","Siphonoperla","torrentium","exact","exact",1,"observed","10,35"
"210","Chloroperla tripunctata","Insecta","Plecoptera","Chloroperlidae","Chloroperla","tripunctata","Chloroperla tripunctata","Insecta","Plecoptera","Chloroperlidae","Chloroperla","tripunctata","exact","exact",1,"observed","10,35"
"213","Chloroperla tripunctata","Insecta","Plecoptera","Chloroperlidae","Chloroperla","tripunctata","Plectronemia geniculata","Insecta","Trichoptera","Polycentropodidae","Plectronemia","geniculata","genus","family",1,"observed","10,35"
"219","Hydropsyche angustipennis","Insecta","Trichoptera","Hydropsychidae","Hydropsyche","angustipennis","Perla bipunctata","Insecta","Plecoptera","Perlidae","Perla","bipunctata","genus","exact",1,"observed","10,35"
"220","Hydropsyche angustipennis","Insecta","Trichoptera","Hydropsychidae","Hydropsyche","angustipennis","Cottus gobio","Actinoptergii","Scorpaeniformes","Cottidae","Cottus","gobio","genus","exact",31,"observed","10,35"
"222","Hydropsyche angustipennis","Insecta","Trichoptera","Hydropsychidae","Hydropsyche","angustipennis","Rhyacophila dorsalis","Insecta","Trichoptera","Rhyacophilidae","Rhyacophila","dorsalis","genus","exact",1,"observed","10,35"
"224","Alainites muticus","Insecta","Ephemeroptera","Baetidae","Alainites","muticus","Perla bipunctata","Insecta","Plecoptera","Perlidae","Perla","bipunctata","exact","exact",1,"observed","10,35"
"225","Alainites muticus","Insecta","Ephemeroptera","Baetidae","Alainites","muticus","Cottus gobio","Actinoptergii","Scorpaeniformes","Cottidae","Cottus","gobio","exact","exact",1,"observed","10,35"
"230","Alainites muticus","Insecta","Ephemeroptera","Baetidae","Alainites","muticus","Isoperla grammatica","Insecta","Plecoptera","Perlodidae","Isoperla","grammatica","exact","exact",1,"observed","10,35"
"240","Lymnaea","Gastropoda",NA,"Lymnaeidae","Lymnaea","","Glossiphonia complanata","Clitellata","Rhynchobdellida","Glossiphoniidae","Glossiphonia","complanata","genus","exact",1,"observed","10,35"
"242","Tubificidae","Oligochaeta","Haplotaxida","Tubificidae","","","Plectronemia geniculata","Insecta","Trichoptera","Polycentropodidae","Plectronemia","geniculata","exact","family",1,"observed","10,35"
"244","Tubificidae","Oligochaeta","Haplotaxida","Tubificidae","","","Polycelis","Rhabditophora","Tricladida","Planariidae","Polycelis","","exact","genus",2,"observed","10,35"
"247","Paraleptophlebia","Insecta","Ephemeroptera","Leptophlebidae","Paraleptophlebia","","Plectronemia geniculata","Insecta","Trichoptera","Polycentropodidae","Plectronemia","geniculata","genus","family",1,"observed","10,35"
"251","Isoperla grammatica","Insecta","Plecoptera","Perlodidae","Isoperla","grammatica","Dinocras cephalotes","Insecta","Plecoptera","Perlidae","Dinocras","cephalotes","exact","exact",1,"observed","10,35"
"252","Isoperla grammatica","Insecta","Plecoptera","Perlodidae","Isoperla","grammatica","Perla bipunctata","Insecta","Plecoptera","Perlidae","Perla","bipunctata","exact","exact",4,"observed","10,35"
"253","Isoperla grammatica","Insecta","Plecoptera","Perlodidae","Isoperla","grammatica","Siphonoperla torrentium","Insecta","Plecoptera","Chloroperlidae","Siphonoperla","torrentium","genus","exact",1,"observed","10,35"
"255","Isoperla grammatica","Insecta","Plecoptera","Perlodidae","Isoperla","grammatica","Isoperla grammatica","Insecta","Plecoptera","Perlodidae","Isoperla","grammatica","exact","exact",6,"observed","10,35"
"256","Isoperla grammatica","Insecta","Plecoptera","Perlodidae","Isoperla","grammatica","Rhyacophila dorsalis","Insecta","Trichoptera","Rhyacophilidae","Rhyacophila","dorsalis","exact","exact",2,"observed","10,35"
"260","Heptagenia sulphurea","Insecta","Ephemeroptera","Heptageniidae","Heptagenia","sulphurea","Cottus gobio","Actinoptergii","Scorpaeniformes","Cottidae","Cottus","gobio","exact","exact",1,"observed","10,35"
"261","Heptagenia sulphurea","Insecta","Ephemeroptera","Heptageniidae","Heptagenia","sulphurea","Isoperla grammatica","Insecta","Plecoptera","Perlodidae","Isoperla","grammatica","genus","exact",2,"observed","10,35"
"263","Heptagenia sulphurea","Insecta","Ephemeroptera","Heptageniidae","Heptagenia","sulphurea","Rhyacophila dorsalis","Insecta","Trichoptera","Rhyacophilidae","Rhyacophila","dorsalis","genus","genus",1,"observed","10,35"
"266","Pisidium","Bivalvia",NA,"Sphaeriidae","Pisidium","","Cottus gobio","Actinoptergii","Scorpaeniformes","Cottidae","Cottus","gobio","exact","exact",3,"observed","10,35"
"267","Pisidium","Bivalvia",NA,"Sphaeriidae","Pisidium","","Glossiphonia complanata","Clitellata","Rhynchobdellida","Glossiphoniidae","Glossiphonia","complanata","genus","exact",1,"observed","10,35"
"268","Pisidium","Bivalvia",NA,"Sphaeriidae","Pisidium","","Rhyacophila dorsalis","Insecta","Trichoptera","Rhyacophilidae","Rhyacophila","dorsalis","exact","exact",2,"observed","10,35"
"271","Chironominae","Insecta","Diptera","Chironomidae","","","Dicranota","Insecta","Diptera","Tipulidae","Dicranota","","exact","exact",3,"observed","10,35"
"272","Chironominae","Insecta","Diptera","Chironomidae","","","Cottus gobio","Actinoptergii","Scorpaeniformes","Cottidae","Cottus","gobio","exact","exact",8,"observed","10,35"
"277","Chironominae","Insecta","Diptera","Chironomidae","","","Hydropsyche angustipennis","Insecta","Trichoptera","Hydropsychidae","Hydropsyche","angustipennis","exact","genus",1,"observed","10,35"
"284","Chironominae","Insecta","Diptera","Chironomidae","","","Rhyacophila dorsalis","Insecta","Trichoptera","Rhyacophilidae","Rhyacophila","dorsalis","exact","exact",3,"observed","10,35"
"285","Chironominae","Insecta","Diptera","Chironomidae","","","Hydropsyche pellucidula","Insecta","Trichoptera","Hydropsychidae","Hydropsyche","pellucidula","exact","genus",1,"observed","10,35"
"289","Chironominae","Insecta","Diptera","Chironomidae","","","Hydropsyche siltalai","Insecta","Trichoptera","Hydropsychidae","Hydropsyche","siltalai","exact","exact",1,"observed","10,35"
"290","Chironominae","Insecta","Diptera","Chironomidae","","","Gammarus pulex","Crustacea","Amphipoda","Gammaridae","Gammarus","pulex","exact","exact",2,"observed","10,35"
"296","Sericostoma personatum","Insecta","Trichoptera","Sericostomatidae","Sericostoma","personatum","Cottus gobio","Actinoptergii","Scorpaeniformes","Cottidae","Cottus","gobio","exact","exact",1,"observed","10,35"
"297","Sericostoma personatum","Insecta","Trichoptera","Sericostomatidae","Sericostoma","personatum","Hydropsyche angustipennis","Insecta","Trichoptera","Hydropsychidae","Hydropsyche","angustipennis","exact","genus",1,"observed","10,35"
"298","Sericostoma personatum","Insecta","Trichoptera","Sericostomatidae","Sericostoma","personatum","Hydropsyche pellucidula","Insecta","Trichoptera","Hydropsychidae","Hydropsyche","pellucidula","exact","exact",1,"observed","10,35"
"299","Sericostoma personatum","Insecta","Trichoptera","Sericostomatidae","Sericostoma","personatum","Hydropsyche siltalai","Insecta","Trichoptera","Hydropsychidae","Hydropsyche","siltalai","exact","genus",1,"observed","10,35"
"300","Plectronemia geniculata","Insecta","Trichoptera","Polycentropodidae","Plectronemia","geniculata","Dinocras cephalotes","Insecta","Plecoptera","Perlidae","Dinocras","cephalotes","family","exact",1,"observed","10,35"
"302","Plectronemia geniculata","Insecta","Trichoptera","Polycentropodidae","Plectronemia","geniculata","Cottus gobio","Actinoptergii","Scorpaeniformes","Cottidae","Cottus","gobio","family","exact",6,"observed","10,35"
"305","Plectronemia geniculata","Insecta","Trichoptera","Polycentropodidae","Plectronemia","geniculata","Plectronemia geniculata","Insecta","Trichoptera","Polycentropodidae","Plectronemia","geniculata","family","family",11,"observed","10,35"
"306","Plectronemia geniculata","Insecta","Trichoptera","Polycentropodidae","Plectronemia","geniculata","Rhyacophila dorsalis","Insecta","Trichoptera","Rhyacophilidae","Rhyacophila","dorsalis","family","exact",2,"observed","10,35"
"307","Plectronemia geniculata","Insecta","Trichoptera","Polycentropodidae","Plectronemia","geniculata","Polycentropus flavomaculatus","Insecta","Trichoptera","Polycentropodidae","Polycentropus","flavomaculatus","family","exact",1,"observed","10,35"
"322","Rhyacophila dorsalis","Insecta","Trichoptera","Rhyacophilidae","Rhyacophila","dorsalis","Dinocras cephalotes","Insecta","Plecoptera","Perlidae","Dinocras","cephalotes","genus","exact",6,"observed","10,35"
"324","Rhyacophila dorsalis","Insecta","Trichoptera","Rhyacophilidae","Rhyacophila","dorsalis","Cottus gobio","Actinoptergii","Scorpaeniformes","Cottidae","Cottus","gobio","exact","exact",5,"observed","10,35"
"325","Rhyacophila dorsalis","Insecta","Trichoptera","Rhyacophilidae","Rhyacophila","dorsalis","Isoperla grammatica","Insecta","Plecoptera","Perlodidae","Isoperla","grammatica","exact","exact",1,"observed","10,35"
"326","Rhyacophila dorsalis","Insecta","Trichoptera","Rhyacophilidae","Rhyacophila","dorsalis","Plectronemia geniculata","Insecta","Trichoptera","Polycentropodidae","Plectronemia","geniculata","genus","family",3,"observed","10,35"
"327","Rhyacophila dorsalis","Insecta","Trichoptera","Rhyacophilidae","Rhyacophila","dorsalis","Rhyacophila dorsalis","Insecta","Trichoptera","Rhyacophilidae","Rhyacophila","dorsalis","exact","exact",2,"observed","10,35"
"328","Rhyacophila dorsalis","Insecta","Trichoptera","Rhyacophilidae","Rhyacophila","dorsalis","Polycentropus flavomaculatus","Insecta","Trichoptera","Polycentropodidae","Polycentropus","flavomaculatus","genus","exact",2,"observed","10,35"
"330","Hydropsyche pellucidula","Insecta","Trichoptera","Hydropsychidae","Hydropsyche","pellucidula","Perla bipunctata","Insecta","Plecoptera","Perlidae","Perla","bipunctata","genus","exact",1,"observed","10,35"
"331","Hydropsyche pellucidula","Insecta","Trichoptera","Hydropsychidae","Hydropsyche","pellucidula","Cottus gobio","Actinoptergii","Scorpaeniformes","Cottidae","Cottus","gobio","exact","exact",5,"observed","10,35"
"333","Hydropsyche pellucidula","Insecta","Trichoptera","Hydropsychidae","Hydropsyche","pellucidula","Rhyacophila dorsalis","Insecta","Trichoptera","Rhyacophilidae","Rhyacophila","dorsalis","genus","exact",1,"observed","10,35"
"334","Lepidostoma hirtum","Insecta","Trichoptera","Lepidostomatidae","Lepidostoma","hirtum","Cottus gobio","Actinoptergii","Scorpaeniformes","Cottidae","Cottus","gobio","exact","exact",10,"observed","10,35"
"335","Lecutra inermis","Insecta","Plecoptera","Leuctridae","Leuctra","inermis","Dinocras cephalotes","Insecta","Plecoptera","Perlidae","Dinocras","cephalotes","genus","exact",12,"observed","10,35"
"336","Lecutra inermis","Insecta","Plecoptera","Leuctridae","Leuctra","inermis","Perla bipunctata","Insecta","Plecoptera","Perlidae","Perla","bipunctata","genus","exact",4,"observed","10,35"
"337","Lecutra inermis","Insecta","Plecoptera","Leuctridae","Leuctra","inermis","Dicranota","Insecta","Diptera","Tipulidae","Dicranota","","genus","exact",11,"observed","10,35"
"338","Lecutra inermis","Insecta","Plecoptera","Leuctridae","Leuctra","inermis","Cottus gobio","Actinoptergii","Scorpaeniformes","Cottidae","Cottus","gobio","genus","exact",1,"observed","10,35"
"339","Lecutra inermis","Insecta","Plecoptera","Leuctridae","Leuctra","inermis","Siphonoperla torrentium","Insecta","Plecoptera","Chloroperlidae","Siphonoperla","torrentium","genus","exact",9,"observed","10,35"
"340","Lecutra inermis","Insecta","Plecoptera","Leuctridae","Leuctra","inermis","Chloroperla tripunctata","Insecta","Plecoptera","Chloroperlidae","Chloroperla","tripunctata","genus","exact",4,"observed","10,35"
"341","Lecutra inermis","Insecta","Plecoptera","Leuctridae","Leuctra","inermis","Hydropsyche angustipennis","Insecta","Trichoptera","Hydropsychidae","Hydropsyche","angustipennis","genus","genus",1,"observed","10,35"
"342","Lecutra inermis","Insecta","Plecoptera","Leuctridae","Leuctra","inermis","Isoperla grammatica","Insecta","Plecoptera","Perlodidae","Isoperla","grammatica","genus","exact",81,"observed","10,35"
"345","Lecutra inermis","Insecta","Plecoptera","Leuctridae","Leuctra","inermis","Plectronemia geniculata","Insecta","Trichoptera","Polycentropodidae","Plectronemia","geniculata","genus","family",49,"observed","10,35"
"346","Lecutra inermis","Insecta","Plecoptera","Leuctridae","Leuctra","inermis","Rhyacophila dorsalis","Insecta","Trichoptera","Rhyacophilidae","Rhyacophila","dorsalis","genus","exact",28,"observed","10,35"
"347","Lecutra inermis","Insecta","Plecoptera","Leuctridae","Leuctra","inermis","Hydropsyche pellucidula","Insecta","Trichoptera","Hydropsychidae","Hydropsyche","pellucidula","genus","genus",1,"observed","10,35"
"348","Lecutra inermis","Insecta","Plecoptera","Leuctridae","Leuctra","inermis","Polycentropus flavomaculatus","Insecta","Trichoptera","Polycentropodidae","Polycentropus","flavomaculatus","genus","exact",6,"observed","10,35"
"350","Lecutra inermis","Insecta","Plecoptera","Leuctridae","Leuctra","inermis","Hydropsyche siltalai","Insecta","Trichoptera","Hydropsychidae","Hydropsyche","siltalai","genus","exact",1,"observed","10,35"
"351","Lecutra inermis","Insecta","Plecoptera","Leuctridae","Leuctra","inermis","Gammarus pulex","Crustacea","Amphipoda","Gammaridae","Gammarus","pulex","genus","exact",1,"observed","10,35"
"353","Ancylus fluviatalis","Gastropoda",NA,"Planorbidae","Ancylus","fluviatalis","Cottus gobio","Actinoptergii","Scorpaeniformes","Cottidae","Cottus","gobio","genus","exact",22,"observed","10,35"
"369","Hydracarina","Arachnida","Trombidiformes","Arrenuridae","Hydracarina","","Cottus gobio","Actinoptergii","Scorpaeniformes","Cottidae","Cottus","gobio","exact","exact",1,"observed","10,35"
"371","Polycentropus flavomaculatus","Insecta","Trichoptera","Polycentropodidae","Polycentropus","flavomaculatus","Dinocras cephalotes","Insecta","Plecoptera","Perlidae","Dinocras","cephalotes","genus","exact",1,"observed","10,35"
"373","Polycentropus flavomaculatus","Insecta","Trichoptera","Polycentropodidae","Polycentropus","flavomaculatus","Cottus gobio","Actinoptergii","Scorpaeniformes","Cottidae","Cottus","gobio","exact","exact",6,"observed","10,35"
"376","Polycentropus flavomaculatus","Insecta","Trichoptera","Polycentropodidae","Polycentropus","flavomaculatus","Plectronemia geniculata","Insecta","Trichoptera","Polycentropodidae","Plectronemia","geniculata","exact","family",1,"observed","10,35"
"377","Polycentropus flavomaculatus","Insecta","Trichoptera","Polycentropodidae","Polycentropus","flavomaculatus","Rhyacophila dorsalis","Insecta","Trichoptera","Rhyacophilidae","Rhyacophila","dorsalis","exact","exact",2,"observed","10,35"
"378","Polycentropus flavomaculatus","Insecta","Trichoptera","Polycentropodidae","Polycentropus","flavomaculatus","Polycentropus flavomaculatus","Insecta","Trichoptera","Polycentropodidae","Polycentropus","flavomaculatus","exact","exact",1,"observed","10,35"
"381","Leuctra hippopus","Insecta","Plecoptera","Leuctridae","Leuctra","hippopus","Dinocras cephalotes","Insecta","Plecoptera","Perlidae","Dinocras","cephalotes","genus","exact",12,"observed","10,35"
"382","Leuctra hippopus","Insecta","Plecoptera","Leuctridae","Leuctra","hippopus","Perla bipunctata","Insecta","Plecoptera","Perlidae","Perla","bipunctata","genus","exact",4,"observed","10,35"
"383","Leuctra hippopus","Insecta","Plecoptera","Leuctridae","Leuctra","hippopus","Dicranota","Insecta","Diptera","Tipulidae","Dicranota","","genus","exact",11,"observed","10,35"
"384","Leuctra hippopus","Insecta","Plecoptera","Leuctridae","Leuctra","hippopus","Cottus gobio","Actinoptergii","Scorpaeniformes","Cottidae","Cottus","gobio","genus","exact",1,"observed","10,35"
"385","Leuctra hippopus","Insecta","Plecoptera","Leuctridae","Leuctra","hippopus","Siphonoperla torrentium","Insecta","Plecoptera","Chloroperlidae","Siphonoperla","torrentium","exact","exact",1,"observed","10,35"
"386","Leuctra hippopus","Insecta","Plecoptera","Leuctridae","Leuctra","hippopus","Chloroperla tripunctata","Insecta","Plecoptera","Chloroperlidae","Chloroperla","tripunctata","genus","exact",4,"observed","10,35"
"387","Leuctra hippopus","Insecta","Plecoptera","Leuctridae","Leuctra","hippopus","Hydropsyche angustipennis","Insecta","Trichoptera","Hydropsychidae","Hydropsyche","angustipennis","genus","genus",1,"observed","10,35"
"388","Leuctra hippopus","Insecta","Plecoptera","Leuctridae","Leuctra","hippopus","Isoperla grammatica","Insecta","Plecoptera","Perlodidae","Isoperla","grammatica","exact","exact",1,"observed","10,35"
"391","Leuctra hippopus","Insecta","Plecoptera","Leuctridae","Leuctra","hippopus","Plectronemia geniculata","Insecta","Trichoptera","Polycentropodidae","Plectronemia","geniculata","exact","family",3,"observed","10,35"
"392","Leuctra hippopus","Insecta","Plecoptera","Leuctridae","Leuctra","hippopus","Rhyacophila dorsalis","Insecta","Trichoptera","Rhyacophilidae","Rhyacophila","dorsalis","genus","exact",28,"observed","10,35"
"393","Leuctra hippopus","Insecta","Plecoptera","Leuctridae","Leuctra","hippopus","Hydropsyche pellucidula","Insecta","Trichoptera","Hydropsychidae","Hydropsyche","pellucidula","genus","genus",1,"observed","10,35"
"394","Leuctra hippopus","Insecta","Plecoptera","Leuctridae","Leuctra","hippopus","Polycentropus flavomaculatus","Insecta","Trichoptera","Polycentropodidae","Polycentropus","flavomaculatus","genus","exact",6,"observed","10,35"
"396","Leuctra hippopus","Insecta","Plecoptera","Leuctridae","Leuctra","hippopus","Hydropsyche siltalai","Insecta","Trichoptera","Hydropsychidae","Hydropsyche","siltalai","genus","exact",1,"observed","10,35"
"397","Leuctra hippopus","Insecta","Plecoptera","Leuctridae","Leuctra","hippopus","Gammarus pulex","Crustacea","Amphipoda","Gammaridae","Gammarus","pulex","genus","exact",1,"observed","10,35"
"399","Leuctra geniculata","Insecta","Plecoptera","Leuctridae","Leuctra","geniculata","Dinocras cephalotes","Insecta","Plecoptera","Perlidae","Dinocras","cephalotes","genus","exact",12,"observed","10,35"
"400","Leuctra geniculata","Insecta","Plecoptera","Leuctridae","Leuctra","geniculata","Perla bipunctata","Insecta","Plecoptera","Perlidae","Perla","bipunctata","genus","exact",4,"observed","10,35"
"401","Leuctra geniculata","Insecta","Plecoptera","Leuctridae","Leuctra","geniculata","Dicranota","Insecta","Diptera","Tipulidae","Dicranota","","genus","exact",11,"observed","10,35"
"402","Leuctra geniculata","Insecta","Plecoptera","Leuctridae","Leuctra","geniculata","Cottus gobio","Actinoptergii","Scorpaeniformes","Cottidae","Cottus","gobio","exact","exact",1,"observed","10,35"
"403","Leuctra geniculata","Insecta","Plecoptera","Leuctridae","Leuctra","geniculata","Siphonoperla torrentium","Insecta","Plecoptera","Chloroperlidae","Siphonoperla","torrentium","genus","exact",9,"observed","10,35"
"404","Leuctra geniculata","Insecta","Plecoptera","Leuctridae","Leuctra","geniculata","Chloroperla tripunctata","Insecta","Plecoptera","Chloroperlidae","Chloroperla","tripunctata","genus","exact",4,"observed","10,35"
"405","Leuctra geniculata","Insecta","Plecoptera","Leuctridae","Leuctra","geniculata","Hydropsyche angustipennis","Insecta","Trichoptera","Hydropsychidae","Hydropsyche","angustipennis","genus","genus",1,"observed","10,35"
"406","Leuctra geniculata","Insecta","Plecoptera","Leuctridae","Leuctra","geniculata","Isoperla grammatica","Insecta","Plecoptera","Perlodidae","Isoperla","grammatica","exact","exact",1,"observed","10,35"
"409","Leuctra geniculata","Insecta","Plecoptera","Leuctridae","Leuctra","geniculata","Plectronemia geniculata","Insecta","Trichoptera","Polycentropodidae","Plectronemia","geniculata","genus","family",49,"observed","10,35"
"410","Leuctra geniculata","Insecta","Plecoptera","Leuctridae","Leuctra","geniculata","Rhyacophila dorsalis","Insecta","Trichoptera","Rhyacophilidae","Rhyacophila","dorsalis","genus","exact",28,"observed","10,35"
"411","Leuctra geniculata","Insecta","Plecoptera","Leuctridae","Leuctra","geniculata","Hydropsyche pellucidula","Insecta","Trichoptera","Hydropsychidae","Hydropsyche","pellucidula","genus","genus",1,"observed","10,35"
"412","Leuctra geniculata","Insecta","Plecoptera","Leuctridae","Leuctra","geniculata","Polycentropus flavomaculatus","Insecta","Trichoptera","Polycentropodidae","Polycentropus","flavomaculatus","genus","exact",6,"observed","10,35"
"414","Leuctra geniculata","Insecta","Plecoptera","Leuctridae","Leuctra","geniculata","Hydropsyche siltalai","Insecta","Trichoptera","Hydropsychidae","Hydropsyche","siltalai","genus","exact",1,"observed","10,35"
"415","Leuctra geniculata","Insecta","Plecoptera","Leuctridae","Leuctra","geniculata","Gammarus pulex","Crustacea","Amphipoda","Gammaridae","Gammarus","pulex","genus","exact",1,"observed","10,35"
"417","Ecdyonurus torrentis","Insecta","Ephemeroptera","Heptageniidae","Ecdyonurus","torrentis","Dinocras cephalotes","Insecta","Plecoptera","Perlidae","Dinocras","cephalotes","genus","exact",4,"observed","10,35"
"418","Ecdyonurus torrentis","Insecta","Ephemeroptera","Heptageniidae","Ecdyonurus","torrentis","Perla bipunctata","Insecta","Plecoptera","Perlidae","Perla","bipunctata","genus","exact",4,"observed","10,35"
"421","Ecdyonurus torrentis","Insecta","Ephemeroptera","Heptageniidae","Ecdyonurus","torrentis","Isoperla grammatica","Insecta","Plecoptera","Perlodidae","Isoperla","grammatica","genus","exact",4,"observed","10,35"
"422","Ecdyonurus torrentis","Insecta","Ephemeroptera","Heptageniidae","Ecdyonurus","torrentis","Plectronemia geniculata","Insecta","Trichoptera","Polycentropodidae","Plectronemia","geniculata","genus","family",8,"observed","10,35"
"423","Ecdyonurus torrentis","Insecta","Ephemeroptera","Heptageniidae","Ecdyonurus","torrentis","Rhyacophila dorsalis","Insecta","Trichoptera","Rhyacophilidae","Rhyacophila","dorsalis","genus","exact",6,"observed","10,35"
"424","Ecdyonurus torrentis","Insecta","Ephemeroptera","Heptageniidae","Ecdyonurus","torrentis","Polycentropus flavomaculatus","Insecta","Trichoptera","Polycentropodidae","Polycentropus","flavomaculatus","genus","exact",4,"observed","10,35"
"425","Rhithrogena semicolorata","Insecta","Ephemeroptera","Heptageniidae","Rhithrogena","semicolorata","Dinocras cephalotes","Insecta","Plecoptera","Perlidae","Dinocras","cephalotes","genus","exact",2,"observed","10,35"
"426","Rhithrogena semicolorata","Insecta","Ephemeroptera","Heptageniidae","Rhithrogena","semicolorata","Perla bipunctata","Insecta","Plecoptera","Perlidae","Perla","bipunctata","genus","exact",3,"observed","10,35"
"429","Rhithrogena semicolorata","Insecta","Ephemeroptera","Heptageniidae","Rhithrogena","semicolorata","Isoperla grammatica","Insecta","Plecoptera","Perlodidae","Isoperla","grammatica","genus","exact",2,"observed","10,35"
"430","Rhithrogena semicolorata","Insecta","Ephemeroptera","Heptageniidae","Rhithrogena","semicolorata","Plectronemia geniculata","Insecta","Trichoptera","Polycentropodidae","Plectronemia","geniculata","genus","family",1,"observed","10,35"
"432","Rhithrogena semicolorata","Insecta","Ephemeroptera","Heptageniidae","Rhithrogena","semicolorata","Polycentropus flavomaculatus","Insecta","Trichoptera","Polycentropodidae","Polycentropus","flavomaculatus","genus","exact",1,"observed","10,35"
"433","Baetis scambus","Insecta","Ephemeroptera","Baetidae","Baetis","scambus","Dinocras cephalotes","Insecta","Plecoptera","Perlidae","Dinocras","cephalotes","genus","exact",25,"observed","10,35"
"434","Baetis scambus","Insecta","Ephemeroptera","Baetidae","Baetis","scambus","Perla bipunctata","Insecta","Plecoptera","Perlidae","Perla","bipunctata","genus","exact",21,"observed","10,35"
"435","Baetis scambus","Insecta","Ephemeroptera","Baetidae","Baetis","scambus","Cottus gobio","Actinoptergii","Scorpaeniformes","Cottidae","Cottus","gobio","exact","exact",1,"observed","10,35"
"437","Baetis scambus","Insecta","Ephemeroptera","Baetidae","Baetis","scambus","Siphonoperla torrentium","Insecta","Plecoptera","Chloroperlidae","Siphonoperla","torrentium","genus","exact",11,"observed","10,35"
"438","Baetis scambus","Insecta","Ephemeroptera","Baetidae","Baetis","scambus","Chloroperla tripunctata","Insecta","Plecoptera","Chloroperlidae","Chloroperla","tripunctata","genus","exact",2,"observed","10,35"
"439","Baetis scambus","Insecta","Ephemeroptera","Baetidae","Baetis","scambus","Hydropsyche angustipennis","Insecta","Trichoptera","Hydropsychidae","Hydropsyche","angustipennis","genus","genus",10,"observed","10,35"
"440","Baetis scambus","Insecta","Ephemeroptera","Baetidae","Baetis","scambus","Isoperla grammatica","Insecta","Plecoptera","Perlodidae","Isoperla","grammatica","genus","exact",47,"observed","10,35"
"442","Baetis scambus","Insecta","Ephemeroptera","Baetidae","Baetis","scambus","Plectronemia geniculata","Insecta","Trichoptera","Polycentropodidae","Plectronemia","geniculata","genus","family",9,"observed","10,35"
"443","Baetis scambus","Insecta","Ephemeroptera","Baetidae","Baetis","scambus","Rhyacophila dorsalis","Insecta","Trichoptera","Rhyacophilidae","Rhyacophila","dorsalis","genus","exact",55,"observed","10,35"
"444","Baetis scambus","Insecta","Ephemeroptera","Baetidae","Baetis","scambus","Hydropsyche pellucidula","Insecta","Trichoptera","Hydropsychidae","Hydropsyche","pellucidula","genus","genus",10,"observed","10,35"
"445","Baetis scambus","Insecta","Ephemeroptera","Baetidae","Baetis","scambus","Polycentropus flavomaculatus","Insecta","Trichoptera","Polycentropodidae","Polycentropus","flavomaculatus","genus","exact",4,"observed","10,35"
"447","Baetis scambus","Insecta","Ephemeroptera","Baetidae","Baetis","scambus","Hydropsyche siltalai","Insecta","Trichoptera","Hydropsychidae","Hydropsyche","siltalai","genus","exact",7,"observed","10,35"
"448","Baetis scambus","Insecta","Ephemeroptera","Baetidae","Baetis","scambus","Gammarus pulex","Crustacea","Amphipoda","Gammaridae","Gammarus","pulex","genus","exact",3,"observed","10,35"
"452","Elmis aenea","Insecta","Coleoptera","Elmidae","Elmis","aenea","Cottus gobio","Actinoptergii","Scorpaeniformes","Cottidae","Cottus","gobio","exact","exact",11,"observed","10,35"
"453","Elmis aenea","Insecta","Coleoptera","Elmidae","Elmis","aenea","Siphonoperla torrentium","Insecta","Plecoptera","Chloroperlidae","Siphonoperla","torrentium","exact","exact",1,"observed","10,35"
"457","Elmis aenea","Insecta","Coleoptera","Elmidae","Elmis","aenea","Plectronemia geniculata","Insecta","Trichoptera","Polycentropodidae","Plectronemia","geniculata","exact","family",3,"observed","10,35"
"458","Elmis aenea","Insecta","Coleoptera","Elmidae","Elmis","aenea","Rhyacophila dorsalis","Insecta","Trichoptera","Rhyacophilidae","Rhyacophila","dorsalis","exact","exact",1,"observed","10,35"
"460","Elmis aenea","Insecta","Coleoptera","Elmidae","Elmis","aenea","Polycentropus flavomaculatus","Insecta","Trichoptera","Polycentropodidae","Polycentropus","flavomaculatus","exact","exact",3,"observed","10,35"
"464","Leuctra moselyi","Insecta","Plecoptera","Leuctridae","Leuctra","moselyi","Dinocras cephalotes","Insecta","Plecoptera","Perlidae","Dinocras","cephalotes","genus","exact",12,"observed","10,35"
"465","Leuctra moselyi","Insecta","Plecoptera","Leuctridae","Leuctra","moselyi","Perla bipunctata","Insecta","Plecoptera","Perlidae","Perla","bipunctata","genus","exact",4,"observed","10,35"
"466","Leuctra moselyi","Insecta","Plecoptera","Leuctridae","Leuctra","moselyi","Dicranota","Insecta","Diptera","Tipulidae","Dicranota","","genus","exact",11,"observed","10,35"
"467","Leuctra moselyi","Insecta","Plecoptera","Leuctridae","Leuctra","moselyi","Cottus gobio","Actinoptergii","Scorpaeniformes","Cottidae","Cottus","gobio","genus","exact",1,"observed","10,35"
"468","Leuctra moselyi","Insecta","Plecoptera","Leuctridae","Leuctra","moselyi","Siphonoperla torrentium","Insecta","Plecoptera","Chloroperlidae","Siphonoperla","torrentium","genus","exact",9,"observed","10,35"
"469","Leuctra moselyi","Insecta","Plecoptera","Leuctridae","Leuctra","moselyi","Chloroperla tripunctata","Insecta","Plecoptera","Chloroperlidae","Chloroperla","tripunctata","genus","exact",4,"observed","10,35"
"470","Leuctra moselyi","Insecta","Plecoptera","Leuctridae","Leuctra","moselyi","Hydropsyche angustipennis","Insecta","Trichoptera","Hydropsychidae","Hydropsyche","angustipennis","genus","genus",1,"observed","10,35"
"471","Leuctra moselyi","Insecta","Plecoptera","Leuctridae","Leuctra","moselyi","Isoperla grammatica","Insecta","Plecoptera","Perlodidae","Isoperla","grammatica","exact","exact",1,"observed","10,35"
"474","Leuctra moselyi","Insecta","Plecoptera","Leuctridae","Leuctra","moselyi","Plectronemia geniculata","Insecta","Trichoptera","Polycentropodidae","Plectronemia","geniculata","genus","family",49,"observed","10,35"
"475","Leuctra moselyi","Insecta","Plecoptera","Leuctridae","Leuctra","moselyi","Rhyacophila dorsalis","Insecta","Trichoptera","Rhyacophilidae","Rhyacophila","dorsalis","genus","exact",28,"observed","10,35"
"476","Leuctra moselyi","Insecta","Plecoptera","Leuctridae","Leuctra","moselyi","Hydropsyche pellucidula","Insecta","Trichoptera","Hydropsychidae","Hydropsyche","pellucidula","genus","genus",1,"observed","10,35"
"477","Leuctra moselyi","Insecta","Plecoptera","Leuctridae","Leuctra","moselyi","Polycentropus flavomaculatus","Insecta","Trichoptera","Polycentropodidae","Polycentropus","flavomaculatus","genus","exact",6,"observed","10,35"
"479","Leuctra moselyi","Insecta","Plecoptera","Leuctridae","Leuctra","moselyi","Hydropsyche siltalai","Insecta","Trichoptera","Hydropsychidae","Hydropsyche","siltalai","genus","exact",1,"observed","10,35"
"480","Leuctra moselyi","Insecta","Plecoptera","Leuctridae","Leuctra","moselyi","Gammarus pulex","Crustacea","Amphipoda","Gammaridae","Gammarus","pulex","genus","exact",1,"observed","10,35"
"482","Amphinemoura sulcicollis","Insecta","Plecoptera","Nemouridae","Amphinemoura","sulcicollis","Dinocras cephalotes","Insecta","Plecoptera","Perlidae","Dinocras","cephalotes","family","exact",3,"observed","10,35"
"483","Amphinemoura sulcicollis","Insecta","Plecoptera","Nemouridae","Amphinemoura","sulcicollis","Perla bipunctata","Insecta","Plecoptera","Perlidae","Perla","bipunctata","family","exact",1,"observed","10,35"
"484","Amphinemoura sulcicollis","Insecta","Plecoptera","Nemouridae","Amphinemoura","sulcicollis","Dicranota","Insecta","Diptera","Tipulidae","Dicranota","","family","exact",1,"observed","10,35"
"485","Amphinemoura sulcicollis","Insecta","Plecoptera","Nemouridae","Amphinemoura","sulcicollis","Siphonoperla torrentium","Insecta","Plecoptera","Chloroperlidae","Siphonoperla","torrentium","family","exact",4,"observed","10,35"
"487","Amphinemoura sulcicollis","Insecta","Plecoptera","Nemouridae","Amphinemoura","sulcicollis","Isoperla grammatica","Insecta","Plecoptera","Perlodidae","Isoperla","grammatica","family","exact",27,"observed","10,35"
"489","Amphinemoura sulcicollis","Insecta","Plecoptera","Nemouridae","Amphinemoura","sulcicollis","Plectronemia geniculata","Insecta","Trichoptera","Polycentropodidae","Plectronemia","geniculata","family","family",51,"observed","10,35"
"490","Amphinemoura sulcicollis","Insecta","Plecoptera","Nemouridae","Amphinemoura","sulcicollis","Rhyacophila dorsalis","Insecta","Trichoptera","Rhyacophilidae","Rhyacophila","dorsalis","family","exact",4,"observed","10,35"
"491","Amphinemoura sulcicollis","Insecta","Plecoptera","Nemouridae","Amphinemoura","sulcicollis","Polycentropus flavomaculatus","Insecta","Trichoptera","Polycentropodidae","Polycentropus","flavomaculatus","family","exact",6,"observed","10,35"
"499","Limnius volckmari","Insecta","Coleoptera","Elmidae","Limnius","volckmari","Hydropsyche angustipennis","Insecta","Trichoptera","Hydropsychidae","Hydropsyche","angustipennis","exact","genus",2,"observed","10,35"
"503","Limnius volckmari","Insecta","Coleoptera","Elmidae","Limnius","volckmari","Hydropsyche pellucidula","Insecta","Trichoptera","Hydropsychidae","Hydropsyche","pellucidula","exact","genus",2,"observed","10,35"
"506","Limnius volckmari","Insecta","Coleoptera","Elmidae","Limnius","volckmari","Hydropsyche siltalai","Insecta","Trichoptera","Hydropsychidae","Hydropsyche","siltalai","exact","exact",2,"observed","10,35"
"508","Caenis rivulorum","Insecta","Ephemeroptera","Caenidae","Caenis","rivulorum","Plectronemia geniculata","Insecta","Trichoptera","Polycentropodidae","Plectronemia","geniculata","genus","family",1,"observed","10,35"
"513","Tanypodinae","Insecta","Diptera","Chironomidae","","","Cottus gobio","Actinoptergii","Scorpaeniformes","Cottidae","Cottus","gobio","exact","exact",8,"observed","10,35"
"516","Tanypodinae","Insecta","Diptera","Chironomidae","","","Siphonoperla torrentium","Insecta","Plecoptera","Chloroperlidae","Siphonoperla","torrentium","exact","exact",1,"observed","10,35"
"517","Tanypodinae","Insecta","Diptera","Chironomidae","","","Chloroperla tripunctata","Insecta","Plecoptera","Chloroperlidae","Chloroperla","tripunctata","exact","exact",2,"observed","10,35"
"519","Tanypodinae","Insecta","Diptera","Chironomidae","","","Isoperla grammatica","Insecta","Plecoptera","Perlodidae","Isoperla","grammatica","exact","exact",1,"observed","10,35"
"524","Tanypodinae","Insecta","Diptera","Chironomidae","","","Plectronemia geniculata","Insecta","Trichoptera","Polycentropodidae","Plectronemia","geniculata","exact","family",1,"observed","10,35"
"535","Serratella ignita","Insecta","Ephemeroptera","Ephemerellidae","Seretella","ignita","Dicranota","Insecta","Diptera","Tipulidae","Dicranota","","exact","exact",1,"observed","10,35"
"536","Serratella ignita","Insecta","Ephemeroptera","Ephemerellidae","Seretella","ignita","Cottus gobio","Actinoptergii","Scorpaeniformes","Cottidae","Cottus","gobio","exact","exact",3,"observed","10,35"
"539","Hydropsyche siltalai","Insecta","Trichoptera","Hydropsychidae","Hydropsyche","siltalai","Perla bipunctata","Insecta","Plecoptera","Perlidae","Perla","bipunctata","genus","exact",1,"observed","10,35"
"540","Hydropsyche siltalai","Insecta","Trichoptera","Hydropsychidae","Hydropsyche","siltalai","Cottus gobio","Actinoptergii","Scorpaeniformes","Cottidae","Cottus","gobio","exact","exact",26,"observed","10,35"
"542","Hydropsyche siltalai","Insecta","Trichoptera","Hydropsychidae","Hydropsyche","siltalai","Rhyacophila dorsalis","Insecta","Trichoptera","Rhyacophilidae","Rhyacophila","dorsalis","genus","exact",1,"observed","10,35"
"544","Gammarus pulex","Crustacea","Amphipoda","Gammaridae","Gammarus","pulex","Perla bipunctata","Insecta","Plecoptera","Perlidae","Perla","bipunctata","genus","exact",1,"observed","10,35"
"545","Gammarus pulex","Crustacea","Amphipoda","Gammaridae","Gammarus","pulex","Cottus gobio","Actinoptergii","Scorpaeniformes","Cottidae","Cottus","gobio","exact","exact",51,"observed","10,35"
"546","Gammarus pulex","Crustacea","Amphipoda","Gammaridae","Gammarus","pulex","Hydropsyche angustipennis","Insecta","Trichoptera","Hydropsychidae","Hydropsyche","angustipennis","exact","genus",2,"observed","10,35"
"547","Gammarus pulex","Crustacea","Amphipoda","Gammaridae","Gammarus","pulex","Isoperla grammatica","Insecta","Plecoptera","Perlodidae","Isoperla","grammatica","genus","exact",1,"observed","10,35"
"549","Gammarus pulex","Crustacea","Amphipoda","Gammaridae","Gammarus","pulex","Plectronemia geniculata","Insecta","Trichoptera","Polycentropodidae","Plectronemia","geniculata","exact","family",2,"observed","10,35"
"550","Gammarus pulex","Crustacea","Amphipoda","Gammaridae","Gammarus","pulex","Hydropsyche pellucidula","Insecta","Trichoptera","Hydropsychidae","Hydropsyche","pellucidula","exact","exact",2,"observed","10,35"
"551","Gammarus pulex","Crustacea","Amphipoda","Gammaridae","Gammarus","pulex","Polycentropus flavomaculatus","Insecta","Trichoptera","Polycentropodidae","Polycentropus","flavomaculatus","exact","exact",2,"observed","10,35"
"552","Gammarus pulex","Crustacea","Amphipoda","Gammaridae","Gammarus","pulex","Hydropsyche siltalai","Insecta","Trichoptera","Hydropsychidae","Hydropsyche","siltalai","exact","genus",2,"observed","10,35"
"553","Gammarus pulex","Crustacea","Amphipoda","Gammaridae","Gammarus","pulex","Polycelis","Rhabditophora","Tricladida","Planariidae","Polycelis","","exact","genus",1,"observed","10,35"
"554","Baetis rhodani","Insecta","Ephemeroptera","Baetidae","Baetis","rhodani","Dinocras cephalotes","Insecta","Plecoptera","Perlidae","Dinocras","cephalotes","genus","exact",25,"observed","10,35"
"555","Baetis rhodani","Insecta","Ephemeroptera","Baetidae","Baetis","rhodani","Perla bipunctata","Insecta","Plecoptera","Perlidae","Perla","bipunctata","exact","exact",1,"observed","10,35"
"556","Baetis rhodani","Insecta","Ephemeroptera","Baetidae","Baetis","rhodani","Cottus gobio","Actinoptergii","Scorpaeniformes","Cottidae","Cottus","gobio","exact","exact",1,"observed","10,35"
"558","Baetis rhodani","Insecta","Ephemeroptera","Baetidae","Baetis","rhodani","Siphonoperla torrentium","Insecta","Plecoptera","Chloroperlidae","Siphonoperla","torrentium","exact","exact",5,"observed","10,35"
"559","Baetis rhodani","Insecta","Ephemeroptera","Baetidae","Baetis","rhodani","Chloroperla tripunctata","Insecta","Plecoptera","Chloroperlidae","Chloroperla","tripunctata","exact","exact",1,"observed","10,35"
"560","Baetis rhodani","Insecta","Ephemeroptera","Baetidae","Baetis","rhodani","Hydropsyche angustipennis","Insecta","Trichoptera","Hydropsychidae","Hydropsyche","angustipennis","genus","genus",10,"observed","10,35"
"561","Baetis rhodani","Insecta","Ephemeroptera","Baetidae","Baetis","rhodani","Isoperla grammatica","Insecta","Plecoptera","Perlodidae","Isoperla","grammatica","exact","exact",2,"observed","10,35"
"563","Baetis rhodani","Insecta","Ephemeroptera","Baetidae","Baetis","rhodani","Plectronemia geniculata","Insecta","Trichoptera","Polycentropodidae","Plectronemia","geniculata","genus","family",9,"observed","10,35"
"564","Baetis rhodani","Insecta","Ephemeroptera","Baetidae","Baetis","rhodani","Rhyacophila dorsalis","Insecta","Trichoptera","Rhyacophilidae","Rhyacophila","dorsalis","genus","exact",55,"observed","10,35"
"565","Baetis rhodani","Insecta","Ephemeroptera","Baetidae","Baetis","rhodani","Hydropsyche pellucidula","Insecta","Trichoptera","Hydropsychidae","Hydropsyche","pellucidula","genus","genus",10,"observed","10,35"
"566","Baetis rhodani","Insecta","Ephemeroptera","Baetidae","Baetis","rhodani","Polycentropus flavomaculatus","Insecta","Trichoptera","Polycentropodidae","Polycentropus","flavomaculatus","genus","exact",4,"observed","10,35"
"568","Baetis rhodani","Insecta","Ephemeroptera","Baetidae","Baetis","rhodani","Hydropsyche siltalai","Insecta","Trichoptera","Hydropsychidae","Hydropsyche","siltalai","genus","exact",7,"observed","10,35"
"569","Baetis rhodani","Insecta","Ephemeroptera","Baetidae","Baetis","rhodani","Gammarus pulex","Crustacea","Amphipoda","Gammaridae","Gammarus","pulex","genus","exact",3,"observed","10,35"
"573","Orthocladiinae","Insecta","Diptera","Chironomidae","","","Dicranota","Insecta","Diptera","Tipulidae","Dicranota","","exact","exact",1,"observed","10,35"
"574","Orthocladiinae","Insecta","Diptera","Chironomidae","","","Cottus gobio","Actinoptergii","Scorpaeniformes","Cottidae","Cottus","gobio","exact","exact",88,"observed","10,35"
"575","Orthocladiinae","Insecta","Diptera","Chironomidae","","","Prosimulium","Insecta","Diptera","Simuliidae","Prosimulium","","exact","exact",1,"observed","10,35"
"579","Orthocladiinae","Insecta","Diptera","Chironomidae","","","Hydropsyche angustipennis","Insecta","Trichoptera","Hydropsychidae","Hydropsyche","angustipennis","exact","genus",4,"observed","10,35"
"582","Orthocladiinae","Insecta","Diptera","Chironomidae","","","Chironominae","Insecta","Diptera","Chironomidae","","","exact","exact",1,"observed","10,35"
"585","Orthocladiinae","Insecta","Diptera","Chironomidae","","","Plectronemia geniculata","Insecta","Trichoptera","Polycentropodidae","Plectronemia","geniculata","exact","family",5,"observed","10,35"
"587","Orthocladiinae","Insecta","Diptera","Chironomidae","","","Hydropsyche pellucidula","Insecta","Trichoptera","Hydropsychidae","Hydropsyche","pellucidula","exact","exact",1,"observed","10,35"
"588","Orthocladiinae","Insecta","Diptera","Chironomidae","","","Polycentropus flavomaculatus","Insecta","Trichoptera","Polycentropodidae","Polycentropus","flavomaculatus","exact","exact",5,"observed","10,35"
"591","Orthocladiinae","Insecta","Diptera","Chironomidae","","","Hydropsyche siltalai","Insecta","Trichoptera","Hydropsychidae","Hydropsyche","siltalai","exact","exact",3,"observed","10,35"
"592","Orthocladiinae","Insecta","Diptera","Chironomidae","","","Gammarus pulex","Crustacea","Amphipoda","Gammaridae","Gammarus","pulex","exact","exact",2,"observed","10,35"
"596","Simulium","Insecta","Diptera","Simuliidae","Simulium","","Dinocras cephalotes","Insecta","Plecoptera","Perlidae","Dinocras","cephalotes","exact","exact",1,"observed","10,35"
"597","Simulium","Insecta","Diptera","Simuliidae","Simulium","","Perla bipunctata","Insecta","Plecoptera","Perlidae","Perla","bipunctata","exact","exact",2,"observed","10,35"
"598","Simulium","Insecta","Diptera","Simuliidae","Simulium","","Dicranota","Insecta","Diptera","Tipulidae","Dicranota","","genus","exact",1,"observed","10,35"
"599","Simulium","Insecta","Diptera","Simuliidae","Simulium","","Cottus gobio","Actinoptergii","Scorpaeniformes","Cottidae","Cottus","gobio","genus","exact",1,"observed","10,35"
"601","Simulium","Insecta","Diptera","Simuliidae","Simulium","","Siphonoperla torrentium","Insecta","Plecoptera","Chloroperlidae","Siphonoperla","torrentium","exact","exact",11,"observed","10,35"
"603","Simulium","Insecta","Diptera","Simuliidae","Simulium","","Hydropsyche angustipennis","Insecta","Trichoptera","Hydropsychidae","Hydropsyche","angustipennis","exact","genus",2,"observed","10,35"
"604","Simulium","Insecta","Diptera","Simuliidae","Simulium","","Isoperla grammatica","Insecta","Plecoptera","Perlodidae","Isoperla","grammatica","exact","exact",17,"observed","10,35"
"606","Simulium","Insecta","Diptera","Simuliidae","Simulium","","Plectronemia geniculata","Insecta","Trichoptera","Polycentropodidae","Plectronemia","geniculata","exact","family",7,"observed","10,35"
"607","Simulium","Insecta","Diptera","Simuliidae","Simulium","","Rhyacophila dorsalis","Insecta","Trichoptera","Rhyacophilidae","Rhyacophila","dorsalis","exact","exact",17,"observed","10,35"
"608","Simulium","Insecta","Diptera","Simuliidae","Simulium","","Hydropsyche pellucidula","Insecta","Trichoptera","Hydropsychidae","Hydropsyche","pellucidula","exact","genus",2,"observed","10,35"
"609","Simulium","Insecta","Diptera","Simuliidae","Simulium","","Polycentropus flavomaculatus","Insecta","Trichoptera","Polycentropodidae","Polycentropus","flavomaculatus","exact","exact",1,"observed","10,35"
"611","Simulium","Insecta","Diptera","Simuliidae","Simulium","","Hydropsyche siltalai","Insecta","Trichoptera","Hydropsychidae","Hydropsyche","siltalai","exact","exact",2,"observed","10,35"
"614","Simulium","Insecta","Diptera","Simuliidae","Simulium","","Simulium","Insecta","Diptera","Simuliidae","Simulium","","exact","exact",1,"observed","10,35"
